Sexo;Duración del contrato o relación laboral;Edad;Periodo;Total
Ambos sexos;3 años o más;Total;2021T4;123,3
Ambos sexos;3 años o más;Total;2021T3;131,9
Ambos sexos;3 años o más;Total;2021T2;132,9
Ambos sexos;3 años o más;Total;2021T1;125,8
Ambos sexos;3 años o más;Total;2020T4;145,4
Ambos sexos;3 años o más;Total;2020T3;149,8
Ambos sexos;3 años o más;Total;2020T2;144,0
Ambos sexos;3 años o más;Total;2020T1;156,5
Ambos sexos;3 años o más;Total;2019T4;161,9
Ambos sexos;3 años o más;Total;2019T3;153,2
Ambos sexos;3 años o más;Total;2019T2;148,3
Ambos sexos;3 años o más;Total;2019T1;165,4
Ambos sexos;3 años o más;Total;2018T4;171,6
Ambos sexos;3 años o más;Total;2018T3;183,7
Ambos sexos;3 años o más;Total;2018T2;212,0
Ambos sexos;3 años o más;Total;2018T1;209,4
Ambos sexos;3 años o más;Total;2017T4;189,0
Ambos sexos;3 años o más;Total;2017T3;200,2
Ambos sexos;3 años o más;Total;2017T2;186,6
Ambos sexos;3 años o más;Total;2017T1;186,3
Ambos sexos;3 años o más;Total;2016T4;191,8
Ambos sexos;3 años o más;Total;2016T3;190,5
Ambos sexos;3 años o más;Total;2016T2;188,1
Ambos sexos;3 años o más;Total;2016T1;190,4
Ambos sexos;3 años o más;De 16 a 19 años;2021T4;0,3
Ambos sexos;3 años o más;De 16 a 19 años;2021T3;1,3
Ambos sexos;3 años o más;De 16 a 19 años;2021T2;0,3
Ambos sexos;3 años o más;De 16 a 19 años;2021T1;1,6
Ambos sexos;3 años o más;De 16 a 19 años;2020T4;0,9
Ambos sexos;3 años o más;De 16 a 19 años;2020T3;..
Ambos sexos;3 años o más;De 16 a 19 años;2020T2;1,1
Ambos sexos;3 años o más;De 16 a 19 años;2020T1;4,1
Ambos sexos;3 años o más;De 16 a 19 años;2019T4;2,4
Ambos sexos;3 años o más;De 16 a 19 años;2019T3;2,0
Ambos sexos;3 años o más;De 16 a 19 años;2019T2;0,9
Ambos sexos;3 años o más;De 16 a 19 años;2019T1;1,2
Ambos sexos;3 años o más;De 16 a 19 años;2018T4;1,0
Ambos sexos;3 años o más;De 16 a 19 años;2018T3;1,5
Ambos sexos;3 años o más;De 16 a 19 años;2018T2;0,5
Ambos sexos;3 años o más;De 16 a 19 años;2018T1;0,7
Ambos sexos;3 años o más;De 16 a 19 años;2017T4;1,9
Ambos sexos;3 años o más;De 16 a 19 años;2017T3;2,1
Ambos sexos;3 años o más;De 16 a 19 años;2017T2;1,3
Ambos sexos;3 años o más;De 16 a 19 años;2017T1;0,7
Ambos sexos;3 años o más;De 16 a 19 años;2016T4;3,1
Ambos sexos;3 años o más;De 16 a 19 años;2016T3;1,6
Ambos sexos;3 años o más;De 16 a 19 años;2016T2;1,6
Ambos sexos;3 años o más;De 16 a 19 años;2016T1;2,1
Ambos sexos;3 años o más;De 20 a 24 años;2021T4;8,1
Ambos sexos;3 años o más;De 20 a 24 años;2021T3;8,2
Ambos sexos;3 años o más;De 20 a 24 años;2021T2;6,9
Ambos sexos;3 años o más;De 20 a 24 años;2021T1;3,4
Ambos sexos;3 años o más;De 20 a 24 años;2020T4;6,6
Ambos sexos;3 años o más;De 20 a 24 años;2020T3;5,9
Ambos sexos;3 años o más;De 20 a 24 años;2020T2;5,6
Ambos sexos;3 años o más;De 20 a 24 años;2020T1;9,4
Ambos sexos;3 años o más;De 20 a 24 años;2019T4;10,1
Ambos sexos;3 años o más;De 20 a 24 años;2019T3;9,3
Ambos sexos;3 años o más;De 20 a 24 años;2019T2;10,8
Ambos sexos;3 años o más;De 20 a 24 años;2019T1;9,7
Ambos sexos;3 años o más;De 20 a 24 años;2018T4;11,2
Ambos sexos;3 años o más;De 20 a 24 años;2018T3;8,9
Ambos sexos;3 años o más;De 20 a 24 años;2018T2;16,5
Ambos sexos;3 años o más;De 20 a 24 años;2018T1;13,9
Ambos sexos;3 años o más;De 20 a 24 años;2017T4;13,4
Ambos sexos;3 años o más;De 20 a 24 años;2017T3;17,3
Ambos sexos;3 años o más;De 20 a 24 años;2017T2;15,5
Ambos sexos;3 años o más;De 20 a 24 años;2017T1;16,5
Ambos sexos;3 años o más;De 20 a 24 años;2016T4;12,6
Ambos sexos;3 años o más;De 20 a 24 años;2016T3;11,7
Ambos sexos;3 años o más;De 20 a 24 años;2016T2;13,1
Ambos sexos;3 años o más;De 20 a 24 años;2016T1;13,6
Ambos sexos;3 años o más;De 25 a 29 años;2021T4;33,3
Ambos sexos;3 años o más;De 25 a 29 años;2021T3;41,0
Ambos sexos;3 años o más;De 25 a 29 años;2021T2;38,1
Ambos sexos;3 años o más;De 25 a 29 años;2021T1;31,7
Ambos sexos;3 años o más;De 25 a 29 años;2020T4;35,4
Ambos sexos;3 años o más;De 25 a 29 años;2020T3;31,4
Ambos sexos;3 años o más;De 25 a 29 años;2020T2;34,5
Ambos sexos;3 años o más;De 25 a 29 años;2020T1;37,0
Ambos sexos;3 años o más;De 25 a 29 años;2019T4;37,3
Ambos sexos;3 años o más;De 25 a 29 años;2019T3;35,0
Ambos sexos;3 años o más;De 25 a 29 años;2019T2;33,5
Ambos sexos;3 años o más;De 25 a 29 años;2019T1;38,5
Ambos sexos;3 años o más;De 25 a 29 años;2018T4;38,9
Ambos sexos;3 años o más;De 25 a 29 años;2018T3;39,7
Ambos sexos;3 años o más;De 25 a 29 años;2018T2;42,6
Ambos sexos;3 años o más;De 25 a 29 años;2018T1;44,4
Ambos sexos;3 años o más;De 25 a 29 años;2017T4;35,1
Ambos sexos;3 años o más;De 25 a 29 años;2017T3;43,5
Ambos sexos;3 años o más;De 25 a 29 años;2017T2;45,9
Ambos sexos;3 años o más;De 25 a 29 años;2017T1;42,1
Ambos sexos;3 años o más;De 25 a 29 años;2016T4;35,0
Ambos sexos;3 años o más;De 25 a 29 años;2016T3;45,4
Ambos sexos;3 años o más;De 25 a 29 años;2016T2;40,2
Ambos sexos;3 años o más;De 25 a 29 años;2016T1;38,9
Ambos sexos;3 años o más;De 30 a 39 años;2021T4;25,8
Ambos sexos;3 años o más;De 30 a 39 años;2021T3;29,4
Ambos sexos;3 años o más;De 30 a 39 años;2021T2;29,7
Ambos sexos;3 años o más;De 30 a 39 años;2021T1;32,9
Ambos sexos;3 años o más;De 30 a 39 años;2020T4;32,6
Ambos sexos;3 años o más;De 30 a 39 años;2020T3;33,6
Ambos sexos;3 años o más;De 30 a 39 años;2020T2;37,0
Ambos sexos;3 años o más;De 30 a 39 años;2020T1;43,2
Ambos sexos;3 años o más;De 30 a 39 años;2019T4;46,2
Ambos sexos;3 años o más;De 30 a 39 años;2019T3;49,6
Ambos sexos;3 años o más;De 30 a 39 años;2019T2;45,6
Ambos sexos;3 años o más;De 30 a 39 años;2019T1;52,7
Ambos sexos;3 años o más;De 30 a 39 años;2018T4;50,2
Ambos sexos;3 años o más;De 30 a 39 años;2018T3;60,0
Ambos sexos;3 años o más;De 30 a 39 años;2018T2;67,9
Ambos sexos;3 años o más;De 30 a 39 años;2018T1;66,6
Ambos sexos;3 años o más;De 30 a 39 años;2017T4;58,3
Ambos sexos;3 años o más;De 30 a 39 años;2017T3;56,5
Ambos sexos;3 años o más;De 30 a 39 años;2017T2;48,9
Ambos sexos;3 años o más;De 30 a 39 años;2017T1;50,7
Ambos sexos;3 años o más;De 30 a 39 años;2016T4;63,6
Ambos sexos;3 años o más;De 30 a 39 años;2016T3;62,5
Ambos sexos;3 años o más;De 30 a 39 años;2016T2;62,5
Ambos sexos;3 años o más;De 30 a 39 años;2016T1;55,6
Ambos sexos;3 años o más;De 40 a 49 años;2021T4;32,1
Ambos sexos;3 años o más;De 40 a 49 años;2021T3;28,9
Ambos sexos;3 años o más;De 40 a 49 años;2021T2;28,5
Ambos sexos;3 años o más;De 40 a 49 años;2021T1;32,8
Ambos sexos;3 años o más;De 40 a 49 años;2020T4;38,7
Ambos sexos;3 años o más;De 40 a 49 años;2020T3;42,7
Ambos sexos;3 años o más;De 40 a 49 años;2020T2;36,5
Ambos sexos;3 años o más;De 40 a 49 años;2020T1;34,7
Ambos sexos;3 años o más;De 40 a 49 años;2019T4;38,9
Ambos sexos;3 años o más;De 40 a 49 años;2019T3;38,5
Ambos sexos;3 años o más;De 40 a 49 años;2019T2;35,9
Ambos sexos;3 años o más;De 40 a 49 años;2019T1;39,1
Ambos sexos;3 años o más;De 40 a 49 años;2018T4;43,2
Ambos sexos;3 años o más;De 40 a 49 años;2018T3;40,1
Ambos sexos;3 años o más;De 40 a 49 años;2018T2;48,6
Ambos sexos;3 años o más;De 40 a 49 años;2018T1;51,3
Ambos sexos;3 años o más;De 40 a 49 años;2017T4;52,6
Ambos sexos;3 años o más;De 40 a 49 años;2017T3;50,6
Ambos sexos;3 años o más;De 40 a 49 años;2017T2;46,9
Ambos sexos;3 años o más;De 40 a 49 años;2017T1;51,5
Ambos sexos;3 años o más;De 40 a 49 años;2016T4;50,1
Ambos sexos;3 años o más;De 40 a 49 años;2016T3;44,0
Ambos sexos;3 años o más;De 40 a 49 años;2016T2;45,5
Ambos sexos;3 años o más;De 40 a 49 años;2016T1;51,8
Ambos sexos;3 años o más;De 50 a 59 años;2021T4;18,3
Ambos sexos;3 años o más;De 50 a 59 años;2021T3;18,6
Ambos sexos;3 años o más;De 50 a 59 años;2021T2;23,3
Ambos sexos;3 años o más;De 50 a 59 años;2021T1;17,5
Ambos sexos;3 años o más;De 50 a 59 años;2020T4;25,4
Ambos sexos;3 años o más;De 50 a 59 años;2020T3;32,3
Ambos sexos;3 años o más;De 50 a 59 años;2020T2;24,6
Ambos sexos;3 años o más;De 50 a 59 años;2020T1;23,0
Ambos sexos;3 años o más;De 50 a 59 años;2019T4;21,1
Ambos sexos;3 años o más;De 50 a 59 años;2019T3;13,8
Ambos sexos;3 años o más;De 50 a 59 años;2019T2;15,0
Ambos sexos;3 años o más;De 50 a 59 años;2019T1;20,2
Ambos sexos;3 años o más;De 50 a 59 años;2018T4;20,1
Ambos sexos;3 años o más;De 50 a 59 años;2018T3;26,1
Ambos sexos;3 años o más;De 50 a 59 años;2018T2;29,4
Ambos sexos;3 años o más;De 50 a 59 años;2018T1;28,5
Ambos sexos;3 años o más;De 50 a 59 años;2017T4;23,5
Ambos sexos;3 años o más;De 50 a 59 años;2017T3;22,7
Ambos sexos;3 años o más;De 50 a 59 años;2017T2;22,6
Ambos sexos;3 años o más;De 50 a 59 años;2017T1;20,6
Ambos sexos;3 años o más;De 50 a 59 años;2016T4;21,6
Ambos sexos;3 años o más;De 50 a 59 años;2016T3;18,9
Ambos sexos;3 años o más;De 50 a 59 años;2016T2;19,5
Ambos sexos;3 años o más;De 50 a 59 años;2016T1;22,6
Ambos sexos;3 años o más;De 60 a 69 años;2021T4;4,6
Ambos sexos;3 años o más;De 60 a 69 años;2021T3;4,1
Ambos sexos;3 años o más;De 60 a 69 años;2021T2;5,8
Ambos sexos;3 años o más;De 60 a 69 años;2021T1;5,5
Ambos sexos;3 años o más;De 60 a 69 años;2020T4;5,7
Ambos sexos;3 años o más;De 60 a 69 años;2020T3;3,9
Ambos sexos;3 años o más;De 60 a 69 años;2020T2;4,4
Ambos sexos;3 años o más;De 60 a 69 años;2020T1;5,0
Ambos sexos;3 años o más;De 60 a 69 años;2019T4;5,8
Ambos sexos;3 años o más;De 60 a 69 años;2019T3;4,9
Ambos sexos;3 años o más;De 60 a 69 años;2019T2;6,1
Ambos sexos;3 años o más;De 60 a 69 años;2019T1;3,8
Ambos sexos;3 años o más;De 60 a 69 años;2018T4;5,8
Ambos sexos;3 años o más;De 60 a 69 años;2018T3;6,4
Ambos sexos;3 años o más;De 60 a 69 años;2018T2;5,6
Ambos sexos;3 años o más;De 60 a 69 años;2018T1;3,8
Ambos sexos;3 años o más;De 60 a 69 años;2017T4;4,3
Ambos sexos;3 años o más;De 60 a 69 años;2017T3;6,9
Ambos sexos;3 años o más;De 60 a 69 años;2017T2;5,6
Ambos sexos;3 años o más;De 60 a 69 años;2017T1;4,2
Ambos sexos;3 años o más;De 60 a 69 años;2016T4;5,5
Ambos sexos;3 años o más;De 60 a 69 años;2016T3;6,2
Ambos sexos;3 años o más;De 60 a 69 años;2016T2;5,8
Ambos sexos;3 años o más;De 60 a 69 años;2016T1;5,7
Ambos sexos;3 años o más;70 y más años;2021T4;0,8
Ambos sexos;3 años o más;70 y más años;2021T3;0,3
Ambos sexos;3 años o más;70 y más años;2021T2;0,3
Ambos sexos;3 años o más;70 y más años;2021T1;0,3
Ambos sexos;3 años o más;70 y más años;2020T4;..
Ambos sexos;3 años o más;70 y más años;2020T3;..
Ambos sexos;3 años o más;70 y más años;2020T2;0,1
Ambos sexos;3 años o más;70 y más años;2020T1;0,2
Ambos sexos;3 años o más;70 y más años;2019T4;0,2
Ambos sexos;3 años o más;70 y más años;2019T3;0,1
Ambos sexos;3 años o más;70 y más años;2019T2;0,5
Ambos sexos;3 años o más;70 y más años;2019T1;0,2
Ambos sexos;3 años o más;70 y más años;2018T4;1,2
Ambos sexos;3 años o más;70 y más años;2018T3;0,9
Ambos sexos;3 años o más;70 y más años;2018T2;0,9
Ambos sexos;3 años o más;70 y más años;2018T1;0,3
Ambos sexos;3 años o más;70 y más años;2017T4;..
Ambos sexos;3 años o más;70 y más años;2017T3;0,6
Ambos sexos;3 años o más;70 y más años;2017T2;..
Ambos sexos;3 años o más;70 y más años;2017T1;..
Ambos sexos;3 años o más;70 y más años;2016T4;0,2
Ambos sexos;3 años o más;70 y más años;2016T3;0,2
Ambos sexos;3 años o más;70 y más años;2016T2;..
Ambos sexos;3 años o más;70 y más años;2016T1;0,2
Hombres;3 años o más;Total;2021T4;59,0
Hombres;3 años o más;Total;2021T3;66,7
Hombres;3 años o más;Total;2021T2;69,8
Hombres;3 años o más;Total;2021T1;64,8
Hombres;3 años o más;Total;2020T4;76,7
Hombres;3 años o más;Total;2020T3;71,1
Hombres;3 años o más;Total;2020T2;70,6
Hombres;3 años o más;Total;2020T1;75,5
Hombres;3 años o más;Total;2019T4;81,7
Hombres;3 años o más;Total;2019T3;75,9
Hombres;3 años o más;Total;2019T2;72,8
Hombres;3 años o más;Total;2019T1;85,9
Hombres;3 años o más;Total;2018T4;87,5
Hombres;3 años o más;Total;2018T3;92,5
Hombres;3 años o más;Total;2018T2;103,1
Hombres;3 años o más;Total;2018T1;106,9
Hombres;3 años o más;Total;2017T4;97,6
Hombres;3 años o más;Total;2017T3;104,7
Hombres;3 años o más;Total;2017T2;92,1
Hombres;3 años o más;Total;2017T1;89,8
Hombres;3 años o más;Total;2016T4;101,0
Hombres;3 años o más;Total;2016T3;95,9
Hombres;3 años o más;Total;2016T2;101,1
Hombres;3 años o más;Total;2016T1;102,2
Hombres;3 años o más;De 16 a 19 años;2021T4;0,3
Hombres;3 años o más;De 16 a 19 años;2021T3;0,7
Hombres;3 años o más;De 16 a 19 años;2021T2;0,3
Hombres;3 años o más;De 16 a 19 años;2021T1;1,6
Hombres;3 años o más;De 16 a 19 años;2020T4;0,9
Hombres;3 años o más;De 16 a 19 años;2020T3;..
Hombres;3 años o más;De 16 a 19 años;2020T2;1,0
Hombres;3 años o más;De 16 a 19 años;2020T1;2,5
Hombres;3 años o más;De 16 a 19 años;2019T4;1,6
Hombres;3 años o más;De 16 a 19 años;2019T3;1,2
Hombres;3 años o más;De 16 a 19 años;2019T2;0,6
Hombres;3 años o más;De 16 a 19 años;2019T1;1,0
Hombres;3 años o más;De 16 a 19 años;2018T4;1,0
Hombres;3 años o más;De 16 a 19 años;2018T3;1,4
Hombres;3 años o más;De 16 a 19 años;2018T2;0,4
Hombres;3 años o más;De 16 a 19 años;2018T1;0,7
Hombres;3 años o más;De 16 a 19 años;2017T4;1,2
Hombres;3 años o más;De 16 a 19 años;2017T3;1,7
Hombres;3 años o más;De 16 a 19 años;2017T2;0,9
Hombres;3 años o más;De 16 a 19 años;2017T1;0,7
Hombres;3 años o más;De 16 a 19 años;2016T4;2,7
Hombres;3 años o más;De 16 a 19 años;2016T3;1,4
Hombres;3 años o más;De 16 a 19 años;2016T2;1,1
Hombres;3 años o más;De 16 a 19 años;2016T1;0,4
Hombres;3 años o más;De 20 a 24 años;2021T4;5,1
Hombres;3 años o más;De 20 a 24 años;2021T3;6,2
Hombres;3 años o más;De 20 a 24 años;2021T2;6,5
Hombres;3 años o más;De 20 a 24 años;2021T1;2,1
Hombres;3 años o más;De 20 a 24 años;2020T4;4,4
Hombres;3 años o más;De 20 a 24 años;2020T3;4,7
Hombres;3 años o más;De 20 a 24 años;2020T2;3,5
Hombres;3 años o más;De 20 a 24 años;2020T1;7,7
Hombres;3 años o más;De 20 a 24 años;2019T4;8,1
Hombres;3 años o más;De 20 a 24 años;2019T3;4,8
Hombres;3 años o más;De 20 a 24 años;2019T2;4,6
Hombres;3 años o más;De 20 a 24 años;2019T1;4,1
Hombres;3 años o más;De 20 a 24 años;2018T4;3,3
Hombres;3 años o más;De 20 a 24 años;2018T3;2,8
Hombres;3 años o más;De 20 a 24 años;2018T2;7,2
Hombres;3 años o más;De 20 a 24 años;2018T1;7,5
Hombres;3 años o más;De 20 a 24 años;2017T4;5,4
Hombres;3 años o más;De 20 a 24 años;2017T3;9,5
Hombres;3 años o más;De 20 a 24 años;2017T2;6,4
Hombres;3 años o más;De 20 a 24 años;2017T1;6,8
Hombres;3 años o más;De 20 a 24 años;2016T4;8,0
Hombres;3 años o más;De 20 a 24 años;2016T3;4,9
Hombres;3 años o más;De 20 a 24 años;2016T2;6,9
Hombres;3 años o más;De 20 a 24 años;2016T1;9,8
Hombres;3 años o más;De 25 a 29 años;2021T4;13,8
Hombres;3 años o más;De 25 a 29 años;2021T3;17,5
Hombres;3 años o más;De 25 a 29 años;2021T2;16,5
Hombres;3 años o más;De 25 a 29 años;2021T1;15,8
Hombres;3 años o más;De 25 a 29 años;2020T4;18,6
Hombres;3 años o más;De 25 a 29 años;2020T3;14,3
Hombres;3 años o más;De 25 a 29 años;2020T2;17,5
Hombres;3 años o más;De 25 a 29 años;2020T1;16,5
Hombres;3 años o más;De 25 a 29 años;2019T4;17,2
Hombres;3 años o más;De 25 a 29 años;2019T3;15,6
Hombres;3 años o más;De 25 a 29 años;2019T2;14,6
Hombres;3 años o más;De 25 a 29 años;2019T1;19,1
Hombres;3 años o más;De 25 a 29 años;2018T4;19,0
Hombres;3 años o más;De 25 a 29 años;2018T3;19,3
Hombres;3 años o más;De 25 a 29 años;2018T2;22,3
Hombres;3 años o más;De 25 a 29 años;2018T1;21,9
Hombres;3 años o más;De 25 a 29 años;2017T4;18,5
Hombres;3 años o más;De 25 a 29 años;2017T3;22,6
Hombres;3 años o más;De 25 a 29 años;2017T2;23,0
Hombres;3 años o más;De 25 a 29 años;2017T1;21,3
Hombres;3 años o más;De 25 a 29 años;2016T4;17,6
Hombres;3 años o más;De 25 a 29 años;2016T3;18,1
Hombres;3 años o más;De 25 a 29 años;2016T2;18,6
Hombres;3 años o más;De 25 a 29 años;2016T1;17,9
Hombres;3 años o más;De 30 a 39 años;2021T4;11,6
Hombres;3 años o más;De 30 a 39 años;2021T3;12,1
Hombres;3 años o más;De 30 a 39 años;2021T2;13,7
Hombres;3 años o más;De 30 a 39 años;2021T1;13,7
Hombres;3 años o más;De 30 a 39 años;2020T4;14,1
Hombres;3 años o más;De 30 a 39 años;2020T3;11,3
Hombres;3 años o más;De 30 a 39 años;2020T2;16,4
Hombres;3 años o más;De 30 a 39 años;2020T1;21,9
Hombres;3 años o más;De 30 a 39 años;2019T4;23,9
Hombres;3 años o más;De 30 a 39 años;2019T3;25,3
Hombres;3 años o más;De 30 a 39 años;2019T2;22,0
Hombres;3 años o más;De 30 a 39 años;2019T1;26,0
Hombres;3 años o más;De 30 a 39 años;2018T4;25,9
Hombres;3 años o más;De 30 a 39 años;2018T3;30,5
Hombres;3 años o más;De 30 a 39 años;2018T2;32,8
Hombres;3 años o más;De 30 a 39 años;2018T1;37,0
Hombres;3 años o más;De 30 a 39 años;2017T4;31,1
Hombres;3 años o más;De 30 a 39 años;2017T3;28,2
Hombres;3 años o más;De 30 a 39 años;2017T2;23,0
Hombres;3 años o más;De 30 a 39 años;2017T1;23,3
Hombres;3 años o más;De 30 a 39 años;2016T4;33,7
Hombres;3 años o más;De 30 a 39 años;2016T3;34,7
Hombres;3 años o más;De 30 a 39 años;2016T2;35,2
Hombres;3 años o más;De 30 a 39 años;2016T1;33,2
Hombres;3 años o más;De 40 a 49 años;2021T4;17,8
Hombres;3 años o más;De 40 a 49 años;2021T3;17,2
Hombres;3 años o más;De 40 a 49 años;2021T2;16,8
Hombres;3 años o más;De 40 a 49 años;2021T1;19,9
Hombres;3 años o más;De 40 a 49 años;2020T4;23,5
Hombres;3 años o más;De 40 a 49 años;2020T3;22,1
Hombres;3 años o más;De 40 a 49 años;2020T2;17,8
Hombres;3 años o más;De 40 a 49 años;2020T1;14,6
Hombres;3 años o más;De 40 a 49 años;2019T4;20,1
Hombres;3 años o más;De 40 a 49 años;2019T3;20,5
Hombres;3 años o más;De 40 a 49 años;2019T2;19,0
Hombres;3 años o más;De 40 a 49 años;2019T1;21,3
Hombres;3 años o más;De 40 a 49 años;2018T4;24,1
Hombres;3 años o más;De 40 a 49 años;2018T3;23,0
Hombres;3 años o más;De 40 a 49 años;2018T2;24,5
Hombres;3 años o más;De 40 a 49 años;2018T1;24,4
Hombres;3 años o más;De 40 a 49 años;2017T4;24,9
Hombres;3 años o más;De 40 a 49 años;2017T3;26,4
Hombres;3 años o más;De 40 a 49 años;2017T2;23,4
Hombres;3 años o más;De 40 a 49 años;2017T1;25,3
Hombres;3 años o más;De 40 a 49 años;2016T4;26,5
Hombres;3 años o más;De 40 a 49 años;2016T3;22,7
Hombres;3 años o más;De 40 a 49 años;2016T2;26,6
Hombres;3 años o más;De 40 a 49 años;2016T1;28,0
Hombres;3 años o más;De 50 a 59 años;2021T4;7,7
Hombres;3 años o más;De 50 a 59 años;2021T3;9,5
Hombres;3 años o más;De 50 a 59 años;2021T2;12,0
Hombres;3 años o más;De 50 a 59 años;2021T1;8,4
Hombres;3 años o más;De 50 a 59 años;2020T4;12,0
Hombres;3 años o más;De 50 a 59 años;2020T3;16,1
Hombres;3 años o más;De 50 a 59 años;2020T2;11,7
Hombres;3 años o más;De 50 a 59 años;2020T1;10,7
Hombres;3 años o más;De 50 a 59 años;2019T4;8,9
Hombres;3 años o más;De 50 a 59 años;2019T3;6,5
Hombres;3 años o más;De 50 a 59 años;2019T2;7,6
Hombres;3 años o más;De 50 a 59 años;2019T1;11,3
Hombres;3 años o más;De 50 a 59 años;2018T4;11,4
Hombres;3 años o más;De 50 a 59 años;2018T3;12,1
Hombres;3 años o más;De 50 a 59 años;2018T2;12,5
Hombres;3 años o más;De 50 a 59 años;2018T1;14,1
Hombres;3 años o más;De 50 a 59 años;2017T4;14,6
Hombres;3 años o más;De 50 a 59 años;2017T3;11,4
Hombres;3 años o más;De 50 a 59 años;2017T2;11,6
Hombres;3 años o más;De 50 a 59 años;2017T1;10,6
Hombres;3 años o más;De 50 a 59 años;2016T4;10,2
Hombres;3 años o más;De 50 a 59 años;2016T3;11,5
Hombres;3 años o más;De 50 a 59 años;2016T2;10,2
Hombres;3 años o más;De 50 a 59 años;2016T1;10,6
Hombres;3 años o más;De 60 a 69 años;2021T4;2,7
Hombres;3 años o más;De 60 a 69 años;2021T3;3,4
Hombres;3 años o más;De 60 a 69 años;2021T2;4,1
Hombres;3 años o más;De 60 a 69 años;2021T1;3,2
Hombres;3 años o más;De 60 a 69 años;2020T4;3,2
Hombres;3 años o más;De 60 a 69 años;2020T3;2,5
Hombres;3 años o más;De 60 a 69 años;2020T2;2,5
Hombres;3 años o más;De 60 a 69 años;2020T1;1,5
Hombres;3 años o más;De 60 a 69 años;2019T4;1,7
Hombres;3 años o más;De 60 a 69 años;2019T3;1,9
Hombres;3 años o más;De 60 a 69 años;2019T2;4,0
Hombres;3 años o más;De 60 a 69 años;2019T1;3,0
Hombres;3 años o más;De 60 a 69 años;2018T4;2,0
Hombres;3 años o más;De 60 a 69 años;2018T3;2,5
Hombres;3 años o más;De 60 a 69 años;2018T2;2,5
Hombres;3 años o más;De 60 a 69 años;2018T1;1,3
Hombres;3 años o más;De 60 a 69 años;2017T4;2,0
Hombres;3 años o más;De 60 a 69 años;2017T3;4,9
Hombres;3 años o más;De 60 a 69 años;2017T2;3,9
Hombres;3 años o más;De 60 a 69 años;2017T1;1,9
Hombres;3 años o más;De 60 a 69 años;2016T4;2,0
Hombres;3 años o más;De 60 a 69 años;2016T3;2,4
Hombres;3 años o más;De 60 a 69 años;2016T2;2,5
Hombres;3 años o más;De 60 a 69 años;2016T1;2,1
Hombres;3 años o más;70 y más años;2021T4;..
Hombres;3 años o más;70 y más años;2021T3;..
Hombres;3 años o más;70 y más años;2021T2;..
Hombres;3 años o más;70 y más años;2021T1;..
Hombres;3 años o más;70 y más años;2020T4;..
Hombres;3 años o más;70 y más años;2020T3;..
Hombres;3 años o más;70 y más años;2020T2;0,1
Hombres;3 años o más;70 y más años;2020T1;0,1
Hombres;3 años o más;70 y más años;2019T4;0,2
Hombres;3 años o más;70 y más años;2019T3;0,1
Hombres;3 años o más;70 y más años;2019T2;0,5
Hombres;3 años o más;70 y más años;2019T1;0,2
Hombres;3 años o más;70 y más años;2018T4;1,0
Hombres;3 años o más;70 y más años;2018T3;0,9
Hombres;3 años o más;70 y más años;2018T2;0,9
Hombres;3 años o más;70 y más años;2018T1;..
Hombres;3 años o más;70 y más años;2017T4;..
Hombres;3 años o más;70 y más años;2017T3;..
Hombres;3 años o más;70 y más años;2017T2;..
Hombres;3 años o más;70 y más años;2017T1;..
Hombres;3 años o más;70 y más años;2016T4;0,2
Hombres;3 años o más;70 y más años;2016T3;0,2
Hombres;3 años o más;70 y más años;2016T2;..
Hombres;3 años o más;70 y más años;2016T1;0,2
Mujeres;3 años o más;Total;2021T4;64,3
Mujeres;3 años o más;Total;2021T3;65,2
Mujeres;3 años o más;Total;2021T2;63,1
Mujeres;3 años o más;Total;2021T1;61,0
Mujeres;3 años o más;Total;2020T4;68,6
Mujeres;3 años o más;Total;2020T3;78,7
Mujeres;3 años o más;Total;2020T2;73,3
Mujeres;3 años o más;Total;2020T1;81,0
Mujeres;3 años o más;Total;2019T4;80,2
Mujeres;3 años o más;Total;2019T3;77,3
Mujeres;3 años o más;Total;2019T2;75,4
Mujeres;3 años o más;Total;2019T1;79,5
Mujeres;3 años o más;Total;2018T4;84,1
Mujeres;3 años o más;Total;2018T3;91,2
Mujeres;3 años o más;Total;2018T2;108,9
Mujeres;3 años o más;Total;2018T1;102,5
Mujeres;3 años o más;Total;2017T4;91,4
Mujeres;3 años o más;Total;2017T3;95,5
Mujeres;3 años o más;Total;2017T2;94,5
Mujeres;3 años o más;Total;2017T1;96,4
Mujeres;3 años o más;Total;2016T4;90,8
Mujeres;3 años o más;Total;2016T3;94,7
Mujeres;3 años o más;Total;2016T2;87,0
Mujeres;3 años o más;Total;2016T1;88,2
Mujeres;3 años o más;De 16 a 19 años;2021T4;..
Mujeres;3 años o más;De 16 a 19 años;2021T3;0,6
Mujeres;3 años o más;De 16 a 19 años;2021T2;..
Mujeres;3 años o más;De 16 a 19 años;2021T1;..
Mujeres;3 años o más;De 16 a 19 años;2020T4;..
Mujeres;3 años o más;De 16 a 19 años;2020T3;..
Mujeres;3 años o más;De 16 a 19 años;2020T2;0,1
Mujeres;3 años o más;De 16 a 19 años;2020T1;1,6
Mujeres;3 años o más;De 16 a 19 años;2019T4;0,8
Mujeres;3 años o más;De 16 a 19 años;2019T3;0,8
Mujeres;3 años o más;De 16 a 19 años;2019T2;0,3
Mujeres;3 años o más;De 16 a 19 años;2019T1;0,3
Mujeres;3 años o más;De 16 a 19 años;2018T4;..
Mujeres;3 años o más;De 16 a 19 años;2018T3;0,1
Mujeres;3 años o más;De 16 a 19 años;2018T2;0,1
Mujeres;3 años o más;De 16 a 19 años;2018T1;..
Mujeres;3 años o más;De 16 a 19 años;2017T4;0,7
Mujeres;3 años o más;De 16 a 19 años;2017T3;0,3
Mujeres;3 años o más;De 16 a 19 años;2017T2;0,5
Mujeres;3 años o más;De 16 a 19 años;2017T1;..
Mujeres;3 años o más;De 16 a 19 años;2016T4;0,4
Mujeres;3 años o más;De 16 a 19 años;2016T3;0,2
Mujeres;3 años o más;De 16 a 19 años;2016T2;0,5
Mujeres;3 años o más;De 16 a 19 años;2016T1;1,7
Mujeres;3 años o más;De 20 a 24 años;2021T4;3,0
Mujeres;3 años o más;De 20 a 24 años;2021T3;1,9
Mujeres;3 años o más;De 20 a 24 años;2021T2;0,4
Mujeres;3 años o más;De 20 a 24 años;2021T1;1,3
Mujeres;3 años o más;De 20 a 24 años;2020T4;2,2
Mujeres;3 años o más;De 20 a 24 años;2020T3;1,2
Mujeres;3 años o más;De 20 a 24 años;2020T2;2,1
Mujeres;3 años o más;De 20 a 24 años;2020T1;1,7
Mujeres;3 años o más;De 20 a 24 años;2019T4;2,0
Mujeres;3 años o más;De 20 a 24 años;2019T3;4,4
Mujeres;3 años o más;De 20 a 24 años;2019T2;6,2
Mujeres;3 años o más;De 20 a 24 años;2019T1;5,6
Mujeres;3 años o más;De 20 a 24 años;2018T4;7,9
Mujeres;3 años o más;De 20 a 24 años;2018T3;6,1
Mujeres;3 años o más;De 20 a 24 años;2018T2;9,3
Mujeres;3 años o más;De 20 a 24 años;2018T1;6,4
Mujeres;3 años o más;De 20 a 24 años;2017T4;8,0
Mujeres;3 años o más;De 20 a 24 años;2017T3;7,8
Mujeres;3 años o más;De 20 a 24 años;2017T2;9,1
Mujeres;3 años o más;De 20 a 24 años;2017T1;9,7
Mujeres;3 años o más;De 20 a 24 años;2016T4;4,6
Mujeres;3 años o más;De 20 a 24 años;2016T3;6,8
Mujeres;3 años o más;De 20 a 24 años;2016T2;6,1
Mujeres;3 años o más;De 20 a 24 años;2016T1;3,8
Mujeres;3 años o más;De 25 a 29 años;2021T4;19,5
Mujeres;3 años o más;De 25 a 29 años;2021T3;23,5
Mujeres;3 años o más;De 25 a 29 años;2021T2;21,6
Mujeres;3 años o más;De 25 a 29 años;2021T1;15,9
Mujeres;3 años o más;De 25 a 29 años;2020T4;16,8
Mujeres;3 años o más;De 25 a 29 años;2020T3;17,1
Mujeres;3 años o más;De 25 a 29 años;2020T2;17,0
Mujeres;3 años o más;De 25 a 29 años;2020T1;20,5
Mujeres;3 años o más;De 25 a 29 años;2019T4;20,1
Mujeres;3 años o más;De 25 a 29 años;2019T3;19,5
Mujeres;3 años o más;De 25 a 29 años;2019T2;18,9
Mujeres;3 años o más;De 25 a 29 años;2019T1;19,4
Mujeres;3 años o más;De 25 a 29 años;2018T4;20,0
Mujeres;3 años o más;De 25 a 29 años;2018T3;20,4
Mujeres;3 años o más;De 25 a 29 años;2018T2;20,3
Mujeres;3 años o más;De 25 a 29 años;2018T1;22,5
Mujeres;3 años o más;De 25 a 29 años;2017T4;16,6
Mujeres;3 años o más;De 25 a 29 años;2017T3;20,9
Mujeres;3 años o más;De 25 a 29 años;2017T2;22,9
Mujeres;3 años o más;De 25 a 29 años;2017T1;20,8
Mujeres;3 años o más;De 25 a 29 años;2016T4;17,3
Mujeres;3 años o más;De 25 a 29 años;2016T3;27,3
Mujeres;3 años o más;De 25 a 29 años;2016T2;21,6
Mujeres;3 años o más;De 25 a 29 años;2016T1;21,0
Mujeres;3 años o más;De 30 a 39 años;2021T4;14,2
Mujeres;3 años o más;De 30 a 39 años;2021T3;17,3
Mujeres;3 años o más;De 30 a 39 años;2021T2;16,0
Mujeres;3 años o más;De 30 a 39 años;2021T1;19,2
Mujeres;3 años o más;De 30 a 39 años;2020T4;18,4
Mujeres;3 años o más;De 30 a 39 años;2020T3;22,3
Mujeres;3 años o más;De 30 a 39 años;2020T2;20,6
Mujeres;3 años o más;De 30 a 39 años;2020T1;21,3
Mujeres;3 años o más;De 30 a 39 años;2019T4;22,3
Mujeres;3 años o más;De 30 a 39 años;2019T3;24,2
Mujeres;3 años o más;De 30 a 39 años;2019T2;23,5
Mujeres;3 años o más;De 30 a 39 años;2019T1;26,6
Mujeres;3 años o más;De 30 a 39 años;2018T4;24,4
Mujeres;3 años o más;De 30 a 39 años;2018T3;29,5
Mujeres;3 años o más;De 30 a 39 años;2018T2;35,1
Mujeres;3 años o más;De 30 a 39 años;2018T1;29,6
Mujeres;3 años o más;De 30 a 39 años;2017T4;27,2
Mujeres;3 años o más;De 30 a 39 años;2017T3;28,3
Mujeres;3 años o más;De 30 a 39 años;2017T2;26,0
Mujeres;3 años o más;De 30 a 39 años;2017T1;27,4
Mujeres;3 años o más;De 30 a 39 años;2016T4;29,9
Mujeres;3 años o más;De 30 a 39 años;2016T3;27,9
Mujeres;3 años o más;De 30 a 39 años;2016T2;27,3
Mujeres;3 años o más;De 30 a 39 años;2016T1;22,4
Mujeres;3 años o más;De 40 a 49 años;2021T4;14,3
Mujeres;3 años o más;De 40 a 49 años;2021T3;11,7
Mujeres;3 años o más;De 40 a 49 años;2021T2;11,8
Mujeres;3 años o más;De 40 a 49 años;2021T1;12,9
Mujeres;3 años o más;De 40 a 49 años;2020T4;15,2
Mujeres;3 años o más;De 40 a 49 años;2020T3;20,6
Mujeres;3 años o más;De 40 a 49 años;2020T2;18,7
Mujeres;3 años o más;De 40 a 49 años;2020T1;20,1
Mujeres;3 años o más;De 40 a 49 años;2019T4;18,8
Mujeres;3 años o más;De 40 a 49 años;2019T3;18,1
Mujeres;3 años o más;De 40 a 49 años;2019T2;16,9
Mujeres;3 años o más;De 40 a 49 años;2019T1;17,8
Mujeres;3 años o más;De 40 a 49 años;2018T4;19,1
Mujeres;3 años o más;De 40 a 49 años;2018T3;17,2
Mujeres;3 años o más;De 40 a 49 años;2018T2;24,1
Mujeres;3 años o más;De 40 a 49 años;2018T1;26,9
Mujeres;3 años o más;De 40 a 49 años;2017T4;27,7
Mujeres;3 años o más;De 40 a 49 años;2017T3;24,2
Mujeres;3 años o más;De 40 a 49 años;2017T2;23,4
Mujeres;3 años o más;De 40 a 49 años;2017T1;26,2
Mujeres;3 años o más;De 40 a 49 años;2016T4;23,6
Mujeres;3 años o más;De 40 a 49 años;2016T3;21,3
Mujeres;3 años o más;De 40 a 49 años;2016T2;18,8
Mujeres;3 años o más;De 40 a 49 años;2016T1;23,7
Mujeres;3 años o más;De 50 a 59 años;2021T4;10,6
Mujeres;3 años o más;De 50 a 59 años;2021T3;9,1
Mujeres;3 años o más;De 50 a 59 años;2021T2;11,3
Mujeres;3 años o más;De 50 a 59 años;2021T1;9,1
Mujeres;3 años o más;De 50 a 59 años;2020T4;13,4
Mujeres;3 años o más;De 50 a 59 años;2020T3;16,2
Mujeres;3 años o más;De 50 a 59 años;2020T2;12,9
Mujeres;3 años o más;De 50 a 59 años;2020T1;12,3
Mujeres;3 años o más;De 50 a 59 años;2019T4;12,1
Mujeres;3 años o más;De 50 a 59 años;2019T3;7,3
Mujeres;3 años o más;De 50 a 59 años;2019T2;7,5
Mujeres;3 años o más;De 50 a 59 años;2019T1;8,9
Mujeres;3 años o más;De 50 a 59 años;2018T4;8,7
Mujeres;3 años o más;De 50 a 59 años;2018T3;14,0
Mujeres;3 años o más;De 50 a 59 años;2018T2;16,9
Mujeres;3 años o más;De 50 a 59 años;2018T1;14,4
Mujeres;3 años o más;De 50 a 59 años;2017T4;8,9
Mujeres;3 años o más;De 50 a 59 años;2017T3;11,3
Mujeres;3 años o más;De 50 a 59 años;2017T2;11,0
Mujeres;3 años o más;De 50 a 59 años;2017T1;10,0
Mujeres;3 años o más;De 50 a 59 años;2016T4;11,5
Mujeres;3 años o más;De 50 a 59 años;2016T3;7,4
Mujeres;3 años o más;De 50 a 59 años;2016T2;9,3
Mujeres;3 años o más;De 50 a 59 años;2016T1;12,0
Mujeres;3 años o más;De 60 a 69 años;2021T4;1,9
Mujeres;3 años o más;De 60 a 69 años;2021T3;0,7
Mujeres;3 años o más;De 60 a 69 años;2021T2;1,7
Mujeres;3 años o más;De 60 a 69 años;2021T1;2,3
Mujeres;3 años o más;De 60 a 69 años;2020T4;2,5
Mujeres;3 años o más;De 60 a 69 años;2020T3;1,4
Mujeres;3 años o más;De 60 a 69 años;2020T2;1,9
Mujeres;3 años o más;De 60 a 69 años;2020T1;3,5
Mujeres;3 años o más;De 60 a 69 años;2019T4;4,1
Mujeres;3 años o más;De 60 a 69 años;2019T3;3,0
Mujeres;3 años o más;De 60 a 69 años;2019T2;2,2
Mujeres;3 años o más;De 60 a 69 años;2019T1;0,8
Mujeres;3 años o más;De 60 a 69 años;2018T4;3,8
Mujeres;3 años o más;De 60 a 69 años;2018T3;3,9
Mujeres;3 años o más;De 60 a 69 años;2018T2;3,1
Mujeres;3 años o más;De 60 a 69 años;2018T1;2,5
Mujeres;3 años o más;De 60 a 69 años;2017T4;2,3
Mujeres;3 años o más;De 60 a 69 años;2017T3;2,0
Mujeres;3 años o más;De 60 a 69 años;2017T2;1,7
Mujeres;3 años o más;De 60 a 69 años;2017T1;2,2
Mujeres;3 años o más;De 60 a 69 años;2016T4;3,5
Mujeres;3 años o más;De 60 a 69 años;2016T3;3,8
Mujeres;3 años o más;De 60 a 69 años;2016T2;3,4
Mujeres;3 años o más;De 60 a 69 años;2016T1;3,5
Mujeres;3 años o más;70 y más años;2021T4;0,8
Mujeres;3 años o más;70 y más años;2021T3;0,3
Mujeres;3 años o más;70 y más años;2021T2;0,3
Mujeres;3 años o más;70 y más años;2021T1;0,3
Mujeres;3 años o más;70 y más años;2020T4;..
Mujeres;3 años o más;70 y más años;2020T3;..
Mujeres;3 años o más;70 y más años;2020T2;..
Mujeres;3 años o más;70 y más años;2020T1;0,1
Mujeres;3 años o más;70 y más años;2019T4;..
Mujeres;3 años o más;70 y más años;2019T3;..
Mujeres;3 años o más;70 y más años;2019T2;..
Mujeres;3 años o más;70 y más años;2019T1;..
Mujeres;3 años o más;70 y más años;2018T4;0,2
Mujeres;3 años o más;70 y más años;2018T3;..
Mujeres;3 años o más;70 y más años;2018T2;..
Mujeres;3 años o más;70 y más años;2018T1;0,3
Mujeres;3 años o más;70 y más años;2017T4;..
Mujeres;3 años o más;70 y más años;2017T3;0,6
Mujeres;3 años o más;70 y más años;2017T2;..
Mujeres;3 años o más;70 y más años;2017T1;..
Mujeres;3 años o más;70 y más años;2016T4;..
Mujeres;3 años o más;70 y más años;2016T3;..
Mujeres;3 años o más;70 y más años;2016T2;..
Mujeres;3 años o más;70 y más años;2016T1;..
